<?xml version="1.0" encoding="UTF-8"?>
<!-- GENERATED BY:  Lectora Online v 5.2.8(185) (http://www.trivantis.com) -->
<!-- TITLE: (Private) Completed Course - Currently Published/Ameritas Life Insurance 101 -->

<manifest identifier="CourseID" version="1.2"
          xmlns="http://www.imsproject.org/xsd/imscp_rootv1p1p2"
          xmlns:adlcp="http://www.adlnet.org/xsd/adlcp_rootv1p2"
          xmlns:xsi="http://www.w3.org/2001/XMLSchema-instance"
          xsi:schemaLocation="http://www.imsproject.org/xsd/imscp_rootv1p1p2 imscp_rootv1p1p2.xsd
                              http://www.imsglobal.org/xsd/imsmd_rootv1p2p1 imsmd_rootv1p2p1.xsd
                              http://www.adlnet.org/xsd/adlcp_rootv1p2 adlcp_rootv1p2.xsd" >

  <organizations default="CourseID-org">
    <organization identifier="CourseID-org">
      <title>Life Insurance 101</title>
      <item identifier="I_A001" identifierref="A001">
        <title>Ameritas Life Insurance 101</title>
        <adlcp:masteryscore>75</adlcp:masteryscore>
        <adlcp:timelimitaction>continue,no message</adlcp:timelimitaction>
      </item>
      <metadata>
        <schema>ADL SCORM</schema>
        <schemaversion>1.2</schemaversion>
        <adlcp:location>metadata.xml</adlcp:location>
      </metadata>
    </organization>
  </organizations>

  <resources>
    <resource identifier="A001" type="webcontent" adlcp:scormtype="sco" href="a001index.html">
      <file href="a001index.html"/>
      <file href="a001content.html"/>
      <file href="a001titlemgr.html"/>
      <dependency identifierref="P_43"/>
      <dependency identifierref="P_5461"/>
      <dependency identifierref="P_139842"/>
      <dependency identifierref="P_139861"/>
      <dependency identifierref="P_139989"/>
      <dependency identifierref="P_140117"/>
      <dependency identifierref="P_140340"/>
      <dependency identifierref="P_140280"/>
      <dependency identifierref="P_140402"/>
      <dependency identifierref="P_140427"/>
      <dependency identifierref="P_141089"/>
      <dependency identifierref="P_140644"/>
      <dependency identifierref="P_140663"/>
      <dependency identifierref="P_140722"/>
      <dependency identifierref="P_140741"/>
      <dependency identifierref="P_137997"/>
      <dependency identifierref="P_137941"/>
      <dependency identifierref="P_138052"/>
      <dependency identifierref="P_138223"/>
      <dependency identifierref="P_140842"/>
      <dependency identifierref="P_138172"/>
      <dependency identifierref="P_137959"/>
      <dependency identifierref="P_137961"/>
      <dependency identifierref="R_137130"/>
      <dependency identifierref="R_137144"/>
      <dependency identifierref="R_137145"/>
      <dependency identifierref="R_139827"/>
      <dependency identifierref="R_141383"/>
      <dependency identifierref="S_TransButton"/>
      <dependency identifierref="S_SCORMFiles"/>
      <dependency identifierref="S_BaseFiles"/>
    </resource>
    <resource identifier="P_43" type="webcontent" adlcp:scormtype="asset">
      <file href="ameritas_life_insurance_101_layouts_welcome_layout.html"/>
      <file href="device_Desktop/ameritas_life_insurance_101_layouts_welcome_layout.js"/>
      <file href="device_PhonePortrait/ameritas_life_insurance_101_layouts_welcome_layout.js"/>
      <file href="device_PhoneLandscape/ameritas_life_insurance_101_layouts_welcome_layout.js"/>
      <file href="device_TabletPortrait/ameritas_life_insurance_101_layouts_welcome_layout.js"/>
      <file href="device_TabletLandscape/ameritas_life_insurance_101_layouts_welcome_layout.js"/>
      <dependency identifierref="P_5461"/>
      <dependency identifierref="P_139842"/>
      <dependency identifierref="P_139861"/>
      <dependency identifierref="P_139989"/>
      <dependency identifierref="P_140117"/>
      <dependency identifierref="P_140340"/>
      <dependency identifierref="P_140280"/>
      <dependency identifierref="P_140402"/>
      <dependency identifierref="P_140427"/>
      <dependency identifierref="P_141089"/>
      <dependency identifierref="P_140644"/>
      <dependency identifierref="P_140663"/>
      <dependency identifierref="P_140722"/>
      <dependency identifierref="P_140741"/>
      <dependency identifierref="P_137997"/>
      <dependency identifierref="P_137941"/>
      <dependency identifierref="P_138052"/>
      <dependency identifierref="P_138223"/>
      <dependency identifierref="P_140842"/>
      <dependency identifierref="P_138172"/>
      <dependency identifierref="P_137959"/>
      <dependency identifierref="P_137961"/>
      <dependency identifierref="R_137130"/>
      <dependency identifierref="R_137144"/>
      <dependency identifierref="R_137145"/>
      <dependency identifierref="R_139827"/>
      <dependency identifierref="R_141383"/>
      <dependency identifierref="S_TransButton"/>
      <dependency identifierref="S_SCORMFiles"/>
      <dependency identifierref="S_BaseFiles"/>
    </resource>
    <resource identifier="P_5461" type="webcontent" adlcp:scormtype="asset">
      <file href="ameritas_life_insurance_101_layouts_objectives_layout.html"/>
      <file href="device_Desktop/ameritas_life_insurance_101_layouts_objectives_layout.js"/>
      <file href="device_PhonePortrait/ameritas_life_insurance_101_layouts_objectives_layout.js"/>
      <file href="device_PhoneLandscape/ameritas_life_insurance_101_layouts_objectives_layout.js"/>
      <file href="device_TabletPortrait/ameritas_life_insurance_101_layouts_objectives_layout.js"/>
      <file href="device_TabletLandscape/ameritas_life_insurance_101_layouts_objectives_layout.js"/>
      <dependency identifierref="R_6643"/>
      <dependency identifierref="R_7002"/>
      <dependency identifierref="R_7008"/>
      <dependency identifierref="R_137130"/>
      <dependency identifierref="R_137144"/>
      <dependency identifierref="R_137145"/>
      <dependency identifierref="R_139816"/>
      <dependency identifierref="R_141383"/>
      <dependency identifierref="S_TransButton"/>
      <dependency identifierref="S_SCORMFiles"/>
      <dependency identifierref="S_BaseFiles"/>
    </resource>
    <resource identifier="P_139842" type="webcontent" adlcp:scormtype="asset">
      <file href="ameritas_life_insurance_101_layouts_what_is_life_insurance.html"/>
      <file href="device_Desktop/ameritas_life_insurance_101_layouts_what_is_life_insurance.js"/>
      <file href="device_PhonePortrait/ameritas_life_insurance_101_layouts_what_is_life_insurance.js"/>
      <file href="device_PhoneLandscape/ameritas_life_insurance_101_layouts_what_is_life_insurance.js"/>
      <file href="device_TabletPortrait/ameritas_life_insurance_101_layouts_what_is_life_insurance.js"/>
      <file href="device_TabletLandscape/ameritas_life_insurance_101_layouts_what_is_life_insurance.js"/>
      <dependency identifierref="R_137130"/>
      <dependency identifierref="R_137144"/>
      <dependency identifierref="R_137145"/>
      <dependency identifierref="R_139859"/>
      <dependency identifierref="R_141383"/>
      <dependency identifierref="S_TransButton"/>
      <dependency identifierref="S_SCORMFiles"/>
      <dependency identifierref="S_BaseFiles"/>
    </resource>
    <resource identifier="P_139861" type="webcontent" adlcp:scormtype="asset">
      <file href="ameritas_life_insurance_101_layouts_needs_met_by_life_insurance.html"/>
      <file href="device_Desktop/ameritas_life_insurance_101_layouts_needs_met_by_life_insurance.js"/>
      <file href="device_PhonePortrait/ameritas_life_insurance_101_layouts_needs_met_by_life_insurance.js"/>
      <file href="device_PhoneLandscape/ameritas_life_insurance_101_layouts_needs_met_by_life_insurance.js"/>
      <file href="device_TabletPortrait/ameritas_life_insurance_101_layouts_needs_met_by_life_insurance.js"/>
      <file href="device_TabletLandscape/ameritas_life_insurance_101_layouts_needs_met_by_life_insurance.js"/>
      <dependency identifierref="R_137130"/>
      <dependency identifierref="R_137144"/>
      <dependency identifierref="R_137145"/>
      <dependency identifierref="R_140243"/>
      <dependency identifierref="R_140247"/>
      <dependency identifierref="R_140251"/>
      <dependency identifierref="R_140257"/>
      <dependency identifierref="R_141383"/>
      <dependency identifierref="S_TransButton"/>
      <dependency identifierref="S_SCORMFiles"/>
      <dependency identifierref="S_BaseFiles"/>
    </resource>
    <resource identifier="P_139989" type="webcontent" adlcp:scormtype="asset">
      <file href="ameritas_life_insurance_101_layouts_more_needs_met_by_life_insurance.html"/>
      <file href="device_Desktop/ameritas_life_insurance_101_layouts_more_needs_met_by_life_insurance.js"/>
      <file href="device_PhonePortrait/ameritas_life_insurance_101_layouts_more_needs_met_by_life_insurance.js"/>
      <file href="device_PhoneLandscape/ameritas_life_insurance_101_layouts_more_needs_met_by_life_insurance.js"/>
      <file href="device_TabletPortrait/ameritas_life_insurance_101_layouts_more_needs_met_by_life_insurance.js"/>
      <file href="device_TabletLandscape/ameritas_life_insurance_101_layouts_more_needs_met_by_life_insurance.js"/>
      <dependency identifierref="R_137130"/>
      <dependency identifierref="R_137144"/>
      <dependency identifierref="R_137145"/>
      <dependency identifierref="R_140259"/>
      <dependency identifierref="R_140261"/>
      <dependency identifierref="R_140263"/>
      <dependency identifierref="R_140265"/>
      <dependency identifierref="R_141383"/>
      <dependency identifierref="S_TransButton"/>
      <dependency identifierref="S_SCORMFiles"/>
      <dependency identifierref="S_BaseFiles"/>
    </resource>
    <resource identifier="P_140117" type="webcontent" adlcp:scormtype="asset">
      <file href="ameritas_life_insurance_101_layouts_types_of_life_insurance.html"/>
      <file href="device_Desktop/ameritas_life_insurance_101_layouts_types_of_life_insurance.js"/>
      <file href="device_PhonePortrait/ameritas_life_insurance_101_layouts_types_of_life_insurance.js"/>
      <file href="device_PhoneLandscape/ameritas_life_insurance_101_layouts_types_of_life_insurance.js"/>
      <file href="device_TabletPortrait/ameritas_life_insurance_101_layouts_types_of_life_insurance.js"/>
      <file href="device_TabletLandscape/ameritas_life_insurance_101_layouts_types_of_life_insurance.js"/>
      <dependency identifierref="R_137144"/>
      <dependency identifierref="R_137145"/>
      <dependency identifierref="R_141383"/>
      <dependency identifierref="S_TransButton"/>
      <dependency identifierref="S_SCORMFiles"/>
      <dependency identifierref="S_BaseFiles"/>
    </resource>
    <resource identifier="P_140340" type="webcontent" adlcp:scormtype="asset">
      <file href="ameritas_life_insurance_101_layouts_types_of_term_life.html"/>
      <file href="device_Desktop/ameritas_life_insurance_101_layouts_types_of_term_life.js"/>
      <file href="device_PhonePortrait/ameritas_life_insurance_101_layouts_types_of_term_life.js"/>
      <file href="device_PhoneLandscape/ameritas_life_insurance_101_layouts_types_of_term_life.js"/>
      <file href="device_TabletPortrait/ameritas_life_insurance_101_layouts_types_of_term_life.js"/>
      <file href="device_TabletLandscape/ameritas_life_insurance_101_layouts_types_of_term_life.js"/>
      <dependency identifierref="R_137130"/>
      <dependency identifierref="R_137144"/>
      <dependency identifierref="R_137145"/>
      <dependency identifierref="R_140355"/>
      <dependency identifierref="R_140357"/>
      <dependency identifierref="R_141383"/>
      <dependency identifierref="S_TransButton"/>
      <dependency identifierref="S_SCORMFiles"/>
      <dependency identifierref="S_BaseFiles"/>
    </resource>
    <resource identifier="P_140280" type="webcontent" adlcp:scormtype="asset">
      <file href="ameritas_life_insurance_101_layouts_who_buys_term_life_.html"/>
      <file href="device_Desktop/ameritas_life_insurance_101_layouts_who_buys_term_life_.js"/>
      <file href="device_PhonePortrait/ameritas_life_insurance_101_layouts_who_buys_term_life_.js"/>
      <file href="device_PhoneLandscape/ameritas_life_insurance_101_layouts_who_buys_term_life_.js"/>
      <file href="device_TabletPortrait/ameritas_life_insurance_101_layouts_who_buys_term_life_.js"/>
      <file href="device_TabletLandscape/ameritas_life_insurance_101_layouts_who_buys_term_life_.js"/>
      <dependency identifierref="R_137130"/>
      <dependency identifierref="R_137144"/>
      <dependency identifierref="R_137145"/>
      <dependency identifierref="R_140338"/>
      <dependency identifierref="R_141383"/>
      <dependency identifierref="S_TransButton"/>
      <dependency identifierref="S_SCORMFiles"/>
      <dependency identifierref="S_BaseFiles"/>
    </resource>
    <resource identifier="P_140402" type="webcontent" adlcp:scormtype="asset">
      <file href="ameritas_life_insurance_101_layouts_types_of_permanent_life.html"/>
      <file href="device_Desktop/ameritas_life_insurance_101_layouts_types_of_permanent_life.js"/>
      <file href="device_PhonePortrait/ameritas_life_insurance_101_layouts_types_of_permanent_life.js"/>
      <file href="device_PhoneLandscape/ameritas_life_insurance_101_layouts_types_of_permanent_life.js"/>
      <file href="device_TabletPortrait/ameritas_life_insurance_101_layouts_types_of_permanent_life.js"/>
      <file href="device_TabletLandscape/ameritas_life_insurance_101_layouts_types_of_permanent_life.js"/>
      <dependency identifierref="R_137130"/>
      <dependency identifierref="R_137144"/>
      <dependency identifierref="R_137145"/>
      <dependency identifierref="R_140994"/>
      <dependency identifierref="R_140998"/>
      <dependency identifierref="R_141383"/>
      <dependency identifierref="S_TransButton"/>
      <dependency identifierref="S_SCORMFiles"/>
      <dependency identifierref="S_BaseFiles"/>
    </resource>
    <resource identifier="P_140427" type="webcontent" adlcp:scormtype="asset">
      <file href="ameritas_life_insurance_101_layouts_whole_life_insurance_slide_1.html"/>
      <file href="device_Desktop/ameritas_life_insurance_101_layouts_whole_life_insurance_slide_1.js"/>
      <file href="device_PhonePortrait/ameritas_life_insurance_101_layouts_whole_life_insurance_slide_1.js"/>
      <file href="device_PhoneLandscape/ameritas_life_insurance_101_layouts_whole_life_insurance_slide_1.js"/>
      <file href="device_TabletPortrait/ameritas_life_insurance_101_layouts_whole_life_insurance_slide_1.js"/>
      <file href="device_TabletLandscape/ameritas_life_insurance_101_layouts_whole_life_insurance_slide_1.js"/>
      <dependency identifierref="R_137130"/>
      <dependency identifierref="R_137144"/>
      <dependency identifierref="R_137145"/>
      <dependency identifierref="R_140444"/>
      <dependency identifierref="R_140447"/>
      <dependency identifierref="R_141383"/>
      <dependency identifierref="S_TransButton"/>
      <dependency identifierref="S_SCORMFiles"/>
      <dependency identifierref="S_BaseFiles"/>
    </resource>
    <resource identifier="P_141089" type="webcontent" adlcp:scormtype="asset">
      <file href="ameritas_life_insurance_101_layouts_whole_life_insurance_slide_2.html"/>
      <file href="device_Desktop/ameritas_life_insurance_101_layouts_whole_life_insurance_slide_2.js"/>
      <file href="device_PhonePortrait/ameritas_life_insurance_101_layouts_whole_life_insurance_slide_2.js"/>
      <file href="device_PhoneLandscape/ameritas_life_insurance_101_layouts_whole_life_insurance_slide_2.js"/>
      <file href="device_TabletPortrait/ameritas_life_insurance_101_layouts_whole_life_insurance_slide_2.js"/>
      <file href="device_TabletLandscape/ameritas_life_insurance_101_layouts_whole_life_insurance_slide_2.js"/>
      <dependency identifierref="R_137130"/>
      <dependency identifierref="R_137144"/>
      <dependency identifierref="R_137145"/>
      <dependency identifierref="R_140444"/>
      <dependency identifierref="R_140447"/>
      <dependency identifierref="R_141383"/>
      <dependency identifierref="S_TransButton"/>
      <dependency identifierref="S_SCORMFiles"/>
      <dependency identifierref="S_BaseFiles"/>
    </resource>
    <resource identifier="P_140644" type="webcontent" adlcp:scormtype="asset">
      <file href="ameritas_life_insurance_101_layouts_universal_life_insurance_slide_1.html"/>
      <file href="device_Desktop/ameritas_life_insurance_101_layouts_universal_life_insurance_slide_1.js"/>
      <file href="device_PhonePortrait/ameritas_life_insurance_101_layouts_universal_life_insurance_slide_1.js"/>
      <file href="device_PhoneLandscape/ameritas_life_insurance_101_layouts_universal_life_insurance_slide_1.js"/>
      <file href="device_TabletPortrait/ameritas_life_insurance_101_layouts_universal_life_insurance_slide_1.js"/>
      <file href="device_TabletLandscape/ameritas_life_insurance_101_layouts_universal_life_insurance_slide_1.js"/>
      <dependency identifierref="R_137130"/>
      <dependency identifierref="R_137144"/>
      <dependency identifierref="R_137145"/>
      <dependency identifierref="R_140659"/>
      <dependency identifierref="R_140661"/>
      <dependency identifierref="R_141383"/>
      <dependency identifierref="S_TransButton"/>
      <dependency identifierref="S_SCORMFiles"/>
      <dependency identifierref="S_BaseFiles"/>
    </resource>
    <resource identifier="P_140663" type="webcontent" adlcp:scormtype="asset">
      <file href="ameritas_life_insurance_101_layouts_universal_life_insurance_slide_2.html"/>
      <file href="device_Desktop/ameritas_life_insurance_101_layouts_universal_life_insurance_slide_2.js"/>
      <file href="device_PhonePortrait/ameritas_life_insurance_101_layouts_universal_life_insurance_slide_2.js"/>
      <file href="device_PhoneLandscape/ameritas_life_insurance_101_layouts_universal_life_insurance_slide_2.js"/>
      <file href="device_TabletPortrait/ameritas_life_insurance_101_layouts_universal_life_insurance_slide_2.js"/>
      <file href="device_TabletLandscape/ameritas_life_insurance_101_layouts_universal_life_insurance_slide_2.js"/>
      <dependency identifierref="R_137130"/>
      <dependency identifierref="R_137144"/>
      <dependency identifierref="R_137145"/>
      <dependency identifierref="R_140659"/>
      <dependency identifierref="R_140661"/>
      <dependency identifierref="R_141383"/>
      <dependency identifierref="S_TransButton"/>
      <dependency identifierref="S_SCORMFiles"/>
      <dependency identifierref="S_BaseFiles"/>
    </resource>
    <resource identifier="P_140722" type="webcontent" adlcp:scormtype="asset">
      <file href="ameritas_life_insurance_101_layouts_variable_universal_life_insurance_slide_1.html"/>
      <file href="device_Desktop/ameritas_life_insurance_101_layouts_variable_universal_life_insurance_slide_1.js"/>
      <file href="device_PhonePortrait/ameritas_life_insurance_101_layouts_variable_universal_life_insurance_slide_1.js"/>
      <file href="device_PhoneLandscape/ameritas_life_insurance_101_layouts_variable_universal_life_insurance_slide_1.js"/>
      <file href="device_TabletPortrait/ameritas_life_insurance_101_layouts_variable_universal_life_insurance_slide_1.js"/>
      <file href="device_TabletLandscape/ameritas_life_insurance_101_layouts_variable_universal_life_insurance_slide_1.js"/>
      <dependency identifierref="R_137130"/>
      <dependency identifierref="R_137144"/>
      <dependency identifierref="R_137145"/>
      <dependency identifierref="R_140737"/>
      <dependency identifierref="R_140739"/>
      <dependency identifierref="R_141383"/>
      <dependency identifierref="S_TransButton"/>
      <dependency identifierref="S_SCORMFiles"/>
      <dependency identifierref="S_BaseFiles"/>
    </resource>
    <resource identifier="P_140741" type="webcontent" adlcp:scormtype="asset">
      <file href="ameritas_life_insurance_101_layouts_variable_universal_life_insurance_slide_2.html"/>
      <file href="device_Desktop/ameritas_life_insurance_101_layouts_variable_universal_life_insurance_slide_2.js"/>
      <file href="device_PhonePortrait/ameritas_life_insurance_101_layouts_variable_universal_life_insurance_slide_2.js"/>
      <file href="device_PhoneLandscape/ameritas_life_insurance_101_layouts_variable_universal_life_insurance_slide_2.js"/>
      <file href="device_TabletPortrait/ameritas_life_insurance_101_layouts_variable_universal_life_insurance_slide_2.js"/>
      <file href="device_TabletLandscape/ameritas_life_insurance_101_layouts_variable_universal_life_insurance_slide_2.js"/>
      <dependency identifierref="R_137130"/>
      <dependency identifierref="R_137144"/>
      <dependency identifierref="R_137145"/>
      <dependency identifierref="R_140737"/>
      <dependency identifierref="R_140739"/>
      <dependency identifierref="R_141383"/>
      <dependency identifierref="S_TransButton"/>
      <dependency identifierref="S_SCORMFiles"/>
      <dependency identifierref="S_BaseFiles"/>
    </resource>
    <resource identifier="P_137997" type="webcontent" adlcp:scormtype="asset">
      <file href="ameritas_life_insurance_101_test_1_life_insurance_quiz.html"/>
      <file href="device_Desktop/ameritas_life_insurance_101_test_1_life_insurance_quiz.js"/>
      <file href="device_PhonePortrait/ameritas_life_insurance_101_test_1_life_insurance_quiz.js"/>
      <file href="device_PhoneLandscape/ameritas_life_insurance_101_test_1_life_insurance_quiz.js"/>
      <file href="device_TabletPortrait/ameritas_life_insurance_101_test_1_life_insurance_quiz.js"/>
      <file href="device_TabletLandscape/ameritas_life_insurance_101_test_1_life_insurance_quiz.js"/>
      <dependency identifierref="R_137130"/>
      <dependency identifierref="R_141000"/>
      <dependency identifierref="R_141383"/>
      <dependency identifierref="S_TransButton"/>
      <dependency identifierref="S_SCORMFiles"/>
      <dependency identifierref="S_BaseFiles"/>
      <dependency identifierref="T_137934"/>
    </resource>
    <resource identifier="P_137941" type="webcontent" adlcp:scormtype="asset">
      <file href="ameritas_life_insurance_101_test_1_question_1_true_false.html"/>
      <file href="device_Desktop/ameritas_life_insurance_101_test_1_question_1_true_false.js"/>
      <file href="device_PhonePortrait/ameritas_life_insurance_101_test_1_question_1_true_false.js"/>
      <file href="device_PhoneLandscape/ameritas_life_insurance_101_test_1_question_1_true_false.js"/>
      <file href="device_TabletPortrait/ameritas_life_insurance_101_test_1_question_1_true_false.js"/>
      <file href="device_TabletLandscape/ameritas_life_insurance_101_test_1_question_1_true_false.js"/>
      <dependency identifierref="R_137130"/>
      <dependency identifierref="R_141000"/>
      <dependency identifierref="R_141383"/>
      <dependency identifierref="S_TransButton"/>
      <dependency identifierref="S_SCORMFiles"/>
      <dependency identifierref="S_BaseFiles"/>
      <dependency identifierref="S_CustFormElems"/>
    </resource>
    <resource identifier="P_138052" type="webcontent" adlcp:scormtype="asset">
      <file href="ameritas_life_insurance_101_test_1_question_2_multiple_choice.html"/>
      <file href="device_Desktop/ameritas_life_insurance_101_test_1_question_2_multiple_choice.js"/>
      <file href="device_PhonePortrait/ameritas_life_insurance_101_test_1_question_2_multiple_choice.js"/>
      <file href="device_PhoneLandscape/ameritas_life_insurance_101_test_1_question_2_multiple_choice.js"/>
      <file href="device_TabletPortrait/ameritas_life_insurance_101_test_1_question_2_multiple_choice.js"/>
      <file href="device_TabletLandscape/ameritas_life_insurance_101_test_1_question_2_multiple_choice.js"/>
      <dependency identifierref="R_137130"/>
      <dependency identifierref="R_141000"/>
      <dependency identifierref="R_141383"/>
      <dependency identifierref="S_TransButton"/>
      <dependency identifierref="S_SCORMFiles"/>
      <dependency identifierref="S_BaseFiles"/>
      <dependency identifierref="S_CustFormElems"/>
    </resource>
    <resource identifier="P_138223" type="webcontent" adlcp:scormtype="asset">
      <file href="ameritas_life_insurance_101_test_1_question_3_fill_in_the_blank.html"/>
      <file href="device_Desktop/ameritas_life_insurance_101_test_1_question_3_fill_in_the_blank.js"/>
      <file href="device_PhonePortrait/ameritas_life_insurance_101_test_1_question_3_fill_in_the_blank.js"/>
      <file href="device_PhoneLandscape/ameritas_life_insurance_101_test_1_question_3_fill_in_the_blank.js"/>
      <file href="device_TabletPortrait/ameritas_life_insurance_101_test_1_question_3_fill_in_the_blank.js"/>
      <file href="device_TabletLandscape/ameritas_life_insurance_101_test_1_question_3_fill_in_the_blank.js"/>
      <dependency identifierref="R_137130"/>
      <dependency identifierref="R_141000"/>
      <dependency identifierref="R_141383"/>
      <dependency identifierref="S_TransButton"/>
      <dependency identifierref="S_SCORMFiles"/>
      <dependency identifierref="S_BaseFiles"/>
    </resource>
    <resource identifier="P_140842" type="webcontent" adlcp:scormtype="asset">
      <file href="ameritas_life_insurance_101_test_1_question_4_multiple_choice.html"/>
      <file href="device_Desktop/ameritas_life_insurance_101_test_1_question_4_multiple_choice.js"/>
      <file href="device_PhonePortrait/ameritas_life_insurance_101_test_1_question_4_multiple_choice.js"/>
      <file href="device_PhoneLandscape/ameritas_life_insurance_101_test_1_question_4_multiple_choice.js"/>
      <file href="device_TabletPortrait/ameritas_life_insurance_101_test_1_question_4_multiple_choice.js"/>
      <file href="device_TabletLandscape/ameritas_life_insurance_101_test_1_question_4_multiple_choice.js"/>
      <dependency identifierref="R_137130"/>
      <dependency identifierref="R_141000"/>
      <dependency identifierref="R_141383"/>
      <dependency identifierref="S_TransButton"/>
      <dependency identifierref="S_SCORMFiles"/>
      <dependency identifierref="S_BaseFiles"/>
      <dependency identifierref="S_CustFormElems"/>
    </resource>
    <resource identifier="P_138172" type="webcontent" adlcp:scormtype="asset">
      <file href="ameritas_life_insurance_101_test_1_question_5_multiple_response.html"/>
      <file href="device_Desktop/ameritas_life_insurance_101_test_1_question_5_multiple_response.js"/>
      <file href="device_PhonePortrait/ameritas_life_insurance_101_test_1_question_5_multiple_response.js"/>
      <file href="device_PhoneLandscape/ameritas_life_insurance_101_test_1_question_5_multiple_response.js"/>
      <file href="device_TabletPortrait/ameritas_life_insurance_101_test_1_question_5_multiple_response.js"/>
      <file href="device_TabletLandscape/ameritas_life_insurance_101_test_1_question_5_multiple_response.js"/>
      <dependency identifierref="R_137130"/>
      <dependency identifierref="R_141000"/>
      <dependency identifierref="R_141383"/>
      <dependency identifierref="S_TransButton"/>
      <dependency identifierref="S_SCORMFiles"/>
      <dependency identifierref="S_BaseFiles"/>
      <dependency identifierref="S_CustFormElems"/>
    </resource>
    <resource identifier="P_137959" type="webcontent" adlcp:scormtype="asset">
      <file href="ameritas_life_insurance_101_test_1_pass.html"/>
      <file href="device_Desktop/ameritas_life_insurance_101_test_1_pass.js"/>
      <file href="device_PhonePortrait/ameritas_life_insurance_101_test_1_pass.js"/>
      <file href="device_PhoneLandscape/ameritas_life_insurance_101_test_1_pass.js"/>
      <file href="device_TabletPortrait/ameritas_life_insurance_101_test_1_pass.js"/>
      <file href="device_TabletLandscape/ameritas_life_insurance_101_test_1_pass.js"/>
      <dependency identifierref="R_137130"/>
      <dependency identifierref="R_138434"/>
      <dependency identifierref="R_139816"/>
      <dependency identifierref="R_141383"/>
      <dependency identifierref="S_TransButton"/>
      <dependency identifierref="S_SCORMFiles"/>
      <dependency identifierref="S_BaseFiles"/>
    </resource>
    <resource identifier="P_137961" type="webcontent" adlcp:scormtype="asset">
      <file href="ameritas_life_insurance_101_test_1_fail.html"/>
      <file href="device_Desktop/ameritas_life_insurance_101_test_1_fail.js"/>
      <file href="device_PhonePortrait/ameritas_life_insurance_101_test_1_fail.js"/>
      <file href="device_PhoneLandscape/ameritas_life_insurance_101_test_1_fail.js"/>
      <file href="device_TabletPortrait/ameritas_life_insurance_101_test_1_fail.js"/>
      <file href="device_TabletLandscape/ameritas_life_insurance_101_test_1_fail.js"/>
      <dependency identifierref="R_137130"/>
      <dependency identifierref="R_138500"/>
      <dependency identifierref="R_139816"/>
      <dependency identifierref="R_141383"/>
      <dependency identifierref="S_TransButton"/>
      <dependency identifierref="S_SCORMFiles"/>
      <dependency identifierref="S_BaseFiles"/>
    </resource>
    <resource identifier="R_137130" type="webcontent" adlcp:scormtype="asset">
      <file href="images/Fira%20Dot%20Pattern-Final.png"/>
    </resource>
    <resource identifier="R_137144" type="webcontent" adlcp:scormtype="asset">
      <file href="images/Nav%20Button%20Left.png"/>
    </resource>
    <resource identifier="R_137145" type="webcontent" adlcp:scormtype="asset">
      <file href="images/Nav%20Button%20Right.png"/>
    </resource>
    <resource identifier="R_139827" type="webcontent" adlcp:scormtype="asset">
      <file href="images/financial-planning-consultation.jpg"/>
    </resource>
    <resource identifier="R_141383" type="webcontent" adlcp:scormtype="asset">
      <file href="images/1-Logo-white-background.png"/>
    </resource>
    <resource identifier="R_6643" type="webcontent" adlcp:scormtype="asset">
      <file href="images/Fira_VectorGraphics_Papers_Pink.png"/>
    </resource>
    <resource identifier="R_7002" type="webcontent" adlcp:scormtype="asset">
      <file href="images/Fira_VectorGraphics_Warning_Pink.png"/>
    </resource>
    <resource identifier="R_7008" type="webcontent" adlcp:scormtype="asset">
      <file href="images/Fira_VectorGraphics_QA_Pink.png"/>
    </resource>
    <resource identifier="R_139816" type="webcontent" adlcp:scormtype="asset">
      <file href="images/stock-photo-blurred-city-and-people-urba-1233391.jpg"/>
    </resource>
    <resource identifier="R_139859" type="webcontent" adlcp:scormtype="asset">
      <file href="images/financial-planning-consultation%20(1).jpg"/>
    </resource>
    <resource identifier="R_140243" type="webcontent" adlcp:scormtype="asset">
      <file href="images/Replacing%20Income%20(Reasons)%20-%20woman-with-financial-problems.jpg"/>
    </resource>
    <resource identifier="R_140247" type="webcontent" adlcp:scormtype="asset">
      <file href="images/Dependednt_s%20Support%20(Reasons)%20cute-little-girl.jpg"/>
    </resource>
    <resource identifier="R_140251" type="webcontent" adlcp:scormtype="asset">
      <file href="images/Estate%20Planning%20(Reasons)%20-%20pulled%20from%20LI%202104%202-20.JPG"/>
    </resource>
    <resource identifier="R_140257" type="webcontent" adlcp:scormtype="asset">
      <file href="images/Business%20Continuation%20(reasons)%20B_057_2014%20ver%203.jpg"/>
    </resource>
    <resource identifier="R_140259" type="webcontent" adlcp:scormtype="asset">
      <file href="images/Debts%20(Reasons)%20-%20stressed-senior-man-in-casual-clothes-sitting-at-t.jpg"/>
    </resource>
    <resource identifier="R_140261" type="webcontent" adlcp:scormtype="asset">
      <file href="images/Employee%20Benefits%20(Reasons)%20cropped-view-of-recruiter-and-employee-shaking-han.jpg"/>
    </resource>
    <resource identifier="R_140263" type="webcontent" adlcp:scormtype="asset">
      <file href="images/Final%20Expense%20(Reasons)%20selective-focus-of-senior-man-hugging-woman-near-t.jpg"/>
    </resource>
    <resource identifier="R_140265" type="webcontent" adlcp:scormtype="asset">
      <file href="images/Mortgage%20Insurnace%20(Reasons)%20new-house.jpg"/>
    </resource>
    <resource identifier="R_140355" type="webcontent" adlcp:scormtype="asset">
      <file href="images/Types%20of%20Term%20BACKGROUND%20family.jpg"/>
    </resource>
    <resource identifier="R_140357" type="webcontent" adlcp:scormtype="asset">
      <file href="images/Types%20of%20Term%20Family%20-%20happy-african-american-family.jpg"/>
    </resource>
    <resource identifier="R_140338" type="webcontent" adlcp:scormtype="asset">
      <file href="images/Who%20Buys%20Term%20Life%20GRAPH%20Ver%202.jpg"/>
    </resource>
    <resource identifier="R_140994" type="webcontent" adlcp:scormtype="asset">
      <file href="images/Female%20(Types%20of%20Permanent)%20VER%201.JPG"/>
    </resource>
    <resource identifier="R_140998" type="webcontent" adlcp:scormtype="asset">
      <file href="images/Female%20(Types%20of%20Permanent)%20VER%203.jpg"/>
    </resource>
    <resource identifier="R_140444" type="webcontent" adlcp:scormtype="asset">
      <file href="images/Couple%20(Whole%20Life%20Insurance)%20VER%201.JPG"/>
    </resource>
    <resource identifier="R_140447" type="webcontent" adlcp:scormtype="asset">
      <file href="images/Couple%20(Whole%20Life%20Insurance)%20VER2.jpg"/>
    </resource>
    <resource identifier="R_140659" type="webcontent" adlcp:scormtype="asset">
      <file href="images/Couple%20(Universal%20Life%20Insurance)%20VER%201.jpg"/>
    </resource>
    <resource identifier="R_140661" type="webcontent" adlcp:scormtype="asset">
      <file href="images/Couple%20(Universal%20Life%20Insurance)%20VER2.jpg"/>
    </resource>
    <resource identifier="R_140737" type="webcontent" adlcp:scormtype="asset">
      <file href="images/Advisor%20(VUL)%20VER%201.jpg"/>
    </resource>
    <resource identifier="R_140739" type="webcontent" adlcp:scormtype="asset">
      <file href="images/Advisor%20(VUL)%20VER%202.JPG"/>
    </resource>
    <resource identifier="R_141000" type="webcontent" adlcp:scormtype="asset">
      <file href="images/Background%20-%20Test%20Questions.JPG"/>
    </resource>
    <resource identifier="R_138434" type="webcontent" adlcp:scormtype="asset">
      <file href="images/Fira_VectorGraphics_QuizResults_Correct.png"/>
    </resource>
    <resource identifier="R_138500" type="webcontent" adlcp:scormtype="asset">
      <file href="images/Fira_VectorGraphics_QuizResults_Incorrect.png"/>
    </resource>
    <resource identifier="T_137934" type="webcontent" adlcp:scormtype="asset">
      <file href="_tobj137934.txt"/>
    </resource>
    <resource identifier="S_TransButton" type="webcontent" adlcp:scormtype="asset">
      <file href="images/trivantis-blank.gif"/>
    </resource>
    <resource identifier="S_SCORMFiles" type="webcontent" adlcp:scormtype="asset">
      <file href="apiwrapper11.js"/>
      <file href="scofunctions.js"/>
    </resource>
    <resource identifier="S_BaseFiles" type="webcontent" adlcp:scormtype="asset">
      <file href="trivantisPage.css"/>
      <file href="trivantis-player.css"/>
      <file href="trivantis-common.css"/>
      <file href="es6-promise-2.0.0.min.js"/>
      <file href="jquery-3.5.1.min.js"/>
      <file href="trivantis-utils.js"/>
      <file href="trivantis.js"/>
      <file href="trivantis-cookie.js"/>
      <file href="trivantis-timedate.js"/>
      <file href="trivantis-trans.js"/>
      <file href="trivantis-titlemgr.js"/>
      <file href="trivantis-wndobj.js"/>
      <file href="hammer.js"/>
      <file href="trivantis-questions.js"/>
      <file href="trivantis-dialog.css"/>
      <file href="aria-utils.js"/>
      <file href="trivantis-dialog.js"/>
      <file href="images/trivantis-dlg-close.gif"/>
      <file href="images/trivantis-dlg-resize.gif"/>
      <file href="images/trivantis-dlg-titlebar.gif"/>
      <file href="trivantis-strings.js"/>
    </resource>
    <resource identifier="S_CustFormElems" type="webcontent" adlcp:scormtype="asset">
    </resource>
  </resources>

</manifest>
